{
  "battle_won_mean": [
    0.0,
    0.0,
    0.0,
    0.0,
    0.0,
    0.0,
    0.0,
    0.0,
    0.0
  ],
  "battle_won_mean_T": [
    600,
    10668,
    21010,
    31608,
    42027,
    52534,
    62579,
    72834,
    83185
  ],
  "dead_allies_mean": [
    2.0,
    2.8333333333333335,
    2.774193548387097,
    1.8888888888888888,
    2.1578947368421053,
    1.894736842105263,
    2.3,
    2.45,
    1.6111111111111112
  ],
  "dead_allies_mean_T": [
    600,
    10668,
    21010,
    31608,
    42027,
    52534,
    62579,
    72834,
    83185
  ],
  "dead_enemies_mean": [
    0.0,
    0.0,
    0.16129032258064516,
    0.4444444444444444,
    0.6842105263157895,
    0.5263157894736842,
    0.45,
    0.3,
    0.2777777777777778
  ],
  "dead_enemies_mean_T": [
    600,
    10668,
    21010,
    31608,
    42027,
    52534,
    62579,
    72834,
    83185
  ],
  "ep_length_mean": [
    600.0,
    335.6,
    333.61290322580646,
    588.7777777777778,
    548.3684210526316,
    553.0,
    502.25,
    512.75,
    575.0555555555555
  ],
  "ep_length_mean_T": [
    600,
    10668,
    21010,
    31608,
    42027,
    52534,
    62579,
    72834,
    83185
  ],
  "episode": [
    28,
    61,
    79,
    98,
    117,
    137,
    157,
    175
  ],
  "episode_T": [
    10025,
    20410,
    31008,
    41427,
    51976,
    62102,
    72562,
    82585
  ],
  "epsilon": [
    1.0,
    0.800956,
    0.61221,
    0.4108480000000001,
    0.21288700000000005,
    0.05,
    0.05,
    0.05,
    0.05
  ],
  "epsilon_T": [
    600,
    10668,
    21010,
    31608,
    42027,
    52534,
    62579,
    72834,
    83185
  ],
  "grad_norm": [
    {
      "py/reduce": [
        {
          "py/function": "torch._utils._rebuild_tensor_v2"
        },
        {
          "py/tuple": [
            {
              "py/reduce": [
                {
                  "py/function": "torch.storage._load_from_bytes"
                },
                {
                  "py/tuple": [
                    {
                      "py/b64": "gAKKCmz8nEb5IGqoUBkugAJN6QMugAJ9cQAoWBAAAABwcm90b2NvbF92ZXJzaW9ucQFN6QNYDQAAAGxpdHRsZV9lbmRpYW5xAohYCgAAAHR5cGVfc2l6ZXNxA31xBChYBQAAAHNob3J0cQVLAlgDAAAAaW50cQZLBFgEAAAAbG9uZ3EHSwR1dS6AAihYBwAAAHN0b3JhZ2VxAGN0b3JjaApGbG9hdFN0b3JhZ2UKcQFYDgAAADk0MTY3MTczMDg4Njg4cQJYAwAAAGNwdXEDSwFOdHEEUS6AAl1xAFgOAAAAOTQxNjcxNzMwODg2ODhxAWEuAQAAAAAAAACSgAw/"
                    }
                  ]
                }
              ]
            },
            0,
            {
              "py/tuple": []
            },
            {
              "py/tuple": []
            },
            false,
            {
              "py/reduce": [
                {
                  "py/type": "collections.OrderedDict"
                },
                {
                  "py/tuple": []
                },
                null,
                null,
                {
                  "py/tuple": []
                }
              ]
            }
          ]
        }
      ]
    },
    {
      "py/reduce": [
        {
          "py/function": "torch._utils._rebuild_tensor_v2"
        },
        {
          "py/tuple": [
            {
              "py/reduce": [
                {
                  "py/function": "torch.storage._load_from_bytes"
                },
                {
                  "py/tuple": [
                    {
                      "py/b64": "gAKKCmz8nEb5IGqoUBkugAJN6QMugAJ9cQAoWBAAAABwcm90b2NvbF92ZXJzaW9ucQFN6QNYDQAAAGxpdHRsZV9lbmRpYW5xAohYCgAAAHR5cGVfc2l6ZXNxA31xBChYBQAAAHNob3J0cQVLAlgDAAAAaW50cQZLBFgEAAAAbG9uZ3EHSwR1dS6AAihYBwAAAHN0b3JhZ2VxAGN0b3JjaApGbG9hdFN0b3JhZ2UKcQFYDgAAADk0MTY3MjQ5MTg1MTg0cQJYAwAAAGNwdXEDSwFOdHEEUS6AAl1xAFgOAAAAOTQxNjcyNDkxODUxODRxAWEuAQAAAAAAAABQEG49"
                    }
                  ]
                }
              ]
            },
            0,
            {
              "py/tuple": []
            },
            {
              "py/tuple": []
            },
            false,
            {
              "py/reduce": [
                {
                  "py/type": "collections.OrderedDict"
                },
                {
                  "py/tuple": []
                },
                null,
                null,
                {
                  "py/tuple": []
                }
              ]
            }
          ]
        }
      ]
    },
    {
      "py/reduce": [
        {
          "py/function": "torch._utils._rebuild_tensor_v2"
        },
        {
          "py/tuple": [
            {
              "py/reduce": [
                {
                  "py/function": "torch.storage._load_from_bytes"
                },
                {
                  "py/tuple": [
                    {
                      "py/b64": "gAKKCmz8nEb5IGqoUBkugAJN6QMugAJ9cQAoWBAAAABwcm90b2NvbF92ZXJzaW9ucQFN6QNYDQAAAGxpdHRsZV9lbmRpYW5xAohYCgAAAHR5cGVfc2l6ZXNxA31xBChYBQAAAHNob3J0cQVLAlgDAAAAaW50cQZLBFgEAAAAbG9uZ3EHSwR1dS6AAihYBwAAAHN0b3JhZ2VxAGN0b3JjaApGbG9hdFN0b3JhZ2UKcQFYDgAAADk0MTY3MDQxOTc4NTEycQJYAwAAAGNwdXEDSwFOdHEEUS6AAl1xAFgOAAAAOTQxNjcwNDE5Nzg1MTJxAWEuAQAAAAAAAADjks09"
                    }
                  ]
                }
              ]
            },
            0,
            {
              "py/tuple": []
            },
            {
              "py/tuple": []
            },
            false,
            {
              "py/reduce": [
                {
                  "py/type": "collections.OrderedDict"
                },
                {
                  "py/tuple": []
                },
                null,
                null,
                {
                  "py/tuple": []
                }
              ]
            }
          ]
        }
      ]
    },
    {
      "py/reduce": [
        {
          "py/function": "torch._utils._rebuild_tensor_v2"
        },
        {
          "py/tuple": [
            {
              "py/reduce": [
                {
                  "py/function": "torch.storage._load_from_bytes"
                },
                {
                  "py/tuple": [
                    {
                      "py/b64": "gAKKCmz8nEb5IGqoUBkugAJN6QMugAJ9cQAoWBAAAABwcm90b2NvbF92ZXJzaW9ucQFN6QNYDQAAAGxpdHRsZV9lbmRpYW5xAohYCgAAAHR5cGVfc2l6ZXNxA31xBChYBQAAAHNob3J0cQVLAlgDAAAAaW50cQZLBFgEAAAAbG9uZ3EHSwR1dS6AAihYBwAAAHN0b3JhZ2VxAGN0b3JjaApGbG9hdFN0b3JhZ2UKcQFYDgAAADk0MTY3MTg1NTU2ODQ4cQJYAwAAAGNwdXEDSwFOdHEEUS6AAl1xAFgOAAAAOTQxNjcxODU1NTY4NDhxAWEuAQAAAAAAAADS8Es9"
                    }
                  ]
                }
              ]
            },
            0,
            {
              "py/tuple": []
            },
            {
              "py/tuple": []
            },
            false,
            {
              "py/reduce": [
                {
                  "py/type": "collections.OrderedDict"
                },
                {
                  "py/tuple": []
                },
                null,
                null,
                {
                  "py/tuple": []
                }
              ]
            }
          ]
        }
      ]
    },
    {
      "py/reduce": [
        {
          "py/function": "torch._utils._rebuild_tensor_v2"
        },
        {
          "py/tuple": [
            {
              "py/reduce": [
                {
                  "py/function": "torch.storage._load_from_bytes"
                },
                {
                  "py/tuple": [
                    {
                      "py/b64": "gAKKCmz8nEb5IGqoUBkugAJN6QMugAJ9cQAoWBAAAABwcm90b2NvbF92ZXJzaW9ucQFN6QNYDQAAAGxpdHRsZV9lbmRpYW5xAohYCgAAAHR5cGVfc2l6ZXNxA31xBChYBQAAAHNob3J0cQVLAlgDAAAAaW50cQZLBFgEAAAAbG9uZ3EHSwR1dS6AAihYBwAAAHN0b3JhZ2VxAGN0b3JjaApGbG9hdFN0b3JhZ2UKcQFYDgAAADk0MTY3Mjc0MTg0MzM2cQJYAwAAAGNwdXEDSwFOdHEEUS6AAl1xAFgOAAAAOTQxNjcyNzQxODQzMzZxAWEuAQAAAAAAAADse7c9"
                    }
                  ]
                }
              ]
            },
            0,
            {
              "py/tuple": []
            },
